fid,tile_id,country_iso3,admin1_code,admin1_name_ko,admin1_name_en,area_km2,land_ratio,is_coastal,center_x,center_y,neighbor_ids,population,city_name_ko,city_name_en,city_class,is_capital,district_slots,district_1,district_2,district_3,primary_industry,terrain,source_year,manual_override,assignment_method,overlap_km2,assignment_score
1,KOR_P_R100021_C100014,KOR,KR-49,제주,Jeju,605.2099867281504,0.6223348232276651,True,883314.9247693752,1480770.325,"[""KOR_P_R100021_C100015""]",NULL,NULL,NULL,NULL,NULL,NULL,NULL,NULL,NULL,NULL,NULL,2022,False,dominant_overlap,376.643250106081,0.6223348232276651
2,KOR_P_R100021_C100015,KOR,KR-49,제주,Jeju,605.2099867281504,0.8559128486854913,True,909750.4368224356,1480770.325,"[""KOR_P_R100021_C100014"",""KOR_P_R100021_C100016"",""KOR_P_R100022_C100016""]",NULL,NULL,NULL,NULL,NULL,NULL,NULL,NULL,NULL,NULL,NULL,2022,False,dominant_overlap,518.0070037933996,0.8559128486854913
3,KOR_P_R100021_C100016,KOR,KR-49,제주,Jeju,605.2099867281494,0.4536448607092809,True,936185.9488754959,1480770.325,"[""KOR_P_R100021_C100015"",""KOR_P_R100022_C100016""]",NULL,NULL,NULL,NULL,NULL,NULL,NULL,NULL,NULL,NULL,NULL,2022,False,dominant_overlap,274.5504001291571,0.4536448607092809
4,KOR_P_R100022_C100016,KOR,KR-49,제주,Jeju,605.2099867281504,0.6254492952862789,True,922968.1928489658,1503664.15,"[""KOR_P_R100021_C100015"",""KOR_P_R100021_C100016""]",NULL,NULL,NULL,NULL,NULL,NULL,NULL,NULL,NULL,NULL,NULL,2022,False,dominant_overlap,378.5281596993399,0.6254492952862789
5,KOR_P_R100026_C100016,KOR,KR-46,전남,Jeonnam,605.2099867281504,0.5179785417136126,True,922968.1928489658,1595239.45,"[""KOR_P_R100027_C100015"",""KOR_P_R100027_C100016""]",NULL,NULL,NULL,NULL,NULL,NULL,NULL,NULL,NULL,NULL,NULL,2022,False,dominant_overlap,313.48578635596215,0.5179785417136126
6,KOR_P_R100027_C100015,KOR,KR-46,전남,Jeonnam,605.2099867281541,0.7030431504570102,True,909750.4368224356,1618133.275,"[""KOR_P_R100026_C100016"",""KOR_P_R100027_C100016"",""KOR_P_R100028_C100016""]",NULL,NULL,NULL,NULL,NULL,NULL,NULL,NULL,NULL,NULL,NULL,2022,False,dominant_overlap,425.48873575740686,0.7030431504570102
7,KOR_P_R100027_C100016,KOR,KR-46,전남,Jeonnam,605.2099867281532,0.8553809221672285,True,936185.9488754959,1618133.275,"[""KOR_P_R100026_C100016"",""KOR_P_R100027_C100015"",""KOR_P_R100028_C100016"",""KOR_P_R100028_C100017""]",NULL,NULL,NULL,NULL,NULL,NULL,NULL,NULL,NULL,NULL,NULL,2022,False,dominant_overlap,517.6850765523438,0.8553809221672285
8,KOR_P_R100027_C100018,KOR,KR-46,전남,Jeonnam,605.2099867281552,0.5675824464685407,True,989056.9729816167,1618133.275,"[""KOR_P_R100028_C100018""]",NULL,NULL,NULL,NULL,NULL,NULL,NULL,NULL,NULL,NULL,NULL,2022,False,dominant_overlap,343.50656489435937,0.5675824464685407
9,KOR_P_R100028_C100016,KOR,KR-46,전남,Jeonnam,605.2099867281504,0.9035276276558502,True,922968.1928489658,1641027.0999999999,"[""KOR_P_R100027_C100015"",""KOR_P_R100027_C100016"",""KOR_P_R100028_C100017"",""KOR_P_R100029_C100015"",""KOR_P_R100029_C100016""]",NULL,NULL,NULL,NULL,NULL,NULL,NULL,NULL,NULL,NULL,NULL,2022,False,dominant_overlap,546.8239435421143,0.9035276276558502
10,KOR_P_R100028_C100017,KOR,KR-46,전남,Jeonnam,605.2099867281513,1.000000000000003,False,949403.7049020261,1641027.0999999999,"[""KOR_P_R100027_C100016"",""KOR_P_R100028_C100016"",""KOR_P_R100029_C100016"",""KOR_P_R100029_C100017""]",NULL,NULL,NULL,NULL,NULL,NULL,NULL,NULL,NULL,NULL,NULL,2022,False,dominant_overlap,605.2099867281532,1.000000000000003
11,KOR_P_R100028_C100018,KOR,KR-46,전남,Jeonnam,605.2099867281523,0.7885359317228188,True,975839.2169550866,1641027.0999999999,"[""KOR_P_R100027_C100018"",""KOR_P_R100029_C100018""]",NULL,NULL,NULL,NULL,NULL,NULL,NULL,NULL,NULL,NULL,NULL,2022,False,dominant_overlap,477.22982077263833,0.7885359317228188
12,KOR_P_R100028_C100020,KOR,KR-48,경남,Gyeongnam,605.2099867281513,0.4561961600544062,True,1028710.2410612073,1641027.0999999999,"[""KOR_P_R100029_C100019"",""KOR_P_R100029_C100020""]",NULL,NULL,NULL,NULL,NULL,NULL,NULL,NULL,NULL,NULL,NULL,2022,False,dominant_overlap,139.72755112703706,0.23087449677164693
13,KOR_P_R100029_C100015,KOR,KR-46,전남,Jeonnam,605.2099867281541,0.8867364422431132,True,909750.4368224356,1663920.9249999998,"[""KOR_P_R100028_C100016"",""KOR_P_R100029_C100016""]",NULL,NULL,NULL,NULL,NULL,NULL,NULL,NULL,NULL,NULL,NULL,2022,False,dominant_overlap,536.6617504413252,0.8867364422431132
14,KOR_P_R100029_C100016,KOR,KR-46,전남,Jeonnam,605.2099867281532,1.0000000000000016,False,936185.9488754959,1663920.9249999998,"[""KOR_P_R100028_C100016"",""KOR_P_R100028_C100017"",""KOR_P_R100029_C100015"",""KOR_P_R100029_C100017""]",NULL,NULL,NULL,NULL,NULL,NULL,NULL,NULL,NULL,NULL,NULL,2022,False,dominant_overlap,605.2099867281541,1.0000000000000016
15,KOR_P_R100029_C100017,KOR,KR-46,전남,Jeonnam,605.2099867281541,0.9999999999999969,False,962621.4609285563,1663920.9249999998,"[""KOR_P_R100028_C100017"",""KOR_P_R100029_C100016""]",NULL,NULL,NULL,NULL,NULL,NULL,NULL,NULL,NULL,NULL,NULL,2022,False,dominant_overlap,605.2099867281523,0.9999999999999969
16,KOR_P_R100029_C100018,KOR,KR-46,전남,Jeonnam,605.2099867281552,1.0,False,989056.9729816167,1663920.9249999998,"[""KOR_P_R100028_C100018"",""KOR_P_R100029_C100019""]",NULL,NULL,NULL,NULL,NULL,NULL,NULL,NULL,NULL,NULL,NULL,2022,False,dominant_overlap,605.2099867281552,1.0
17,KOR_P_R100029_C100019,KOR,KR-46,전남,Jeonnam,605.2099867281552,0.6925725261720219,True,1015492.4850346771,1663920.9249999998,"[""KOR_P_R100028_C100020"",""KOR_P_R100029_C100018"",""KOR_P_R100029_C100020""]",NULL,NULL,NULL,NULL,NULL,NULL,NULL,NULL,NULL,NULL,NULL,2022,False,dominant_overlap,380.9313778597527,0.6294201784724635
18,KOR_P_R100029_C100020,KOR,KR-48,경남,Gyeongnam,605.2099867281552,0.5999560984845141,True,1041927.9970877374,1663920.9249999998,"[""KOR_P_R100028_C100020"",""KOR_P_R100029_C100019"",""KOR_P_R100029_C100021""]",NULL,NULL,NULL,NULL,NULL,NULL,NULL,NULL,NULL,NULL,NULL,2022,False,dominant_overlap,363.0994224012885,0.5999560984845141
19,KOR_P_R100029_C100021,KOR,KR-48,경남,Gyeongnam,605.2099867281561,0.7791251577591823,True,1068363.509140798,1663920.9249999998,"[""KOR_P_R100029_C100020""]",NULL,NULL,NULL,NULL,NULL,NULL,NULL,NULL,NULL,NULL,NULL,2022,False,dominant_overlap,471.53432638700724,0.7791251577591823
20,KOR_P_R100030_C100015,KOR,KR-46,전남,Jeonnam,605.2099867281532,0.49001314587236505,True,896532.6807959054,1686814.75,"[""KOR_P_R100030_C100016"",""KOR_P_R100031_C100015""]",NULL,NULL,NULL,NULL,NULL,NULL,NULL,NULL,NULL,NULL,NULL,2022,False,dominant_overlap,296.5608495100347,0.49001314587236505
21,KOR_P_R100030_C100016,KOR,KR-46,전남,Jeonnam,605.2099867281541,0.9999999999999949,False,922968.1928489658,1686814.75,"[""KOR_P_R100030_C100015"",""KOR_P_R100030_C100017"",""KOR_P_R100031_C100015"",""KOR_P_R100031_C100016""]",NULL,NULL,NULL,NULL,NULL,NULL,NULL,NULL,NULL,NULL,NULL,2022,False,dominant_overlap,604.9938463824558,0.9996428671858724
22,KOR_P_R100030_C100017,KOR,KR-29,광주,Gwangju,605.2099867281552,1.0,False,949403.7049020261,1686814.75,"[""KOR_P_R100030_C100016"",""KOR_P_R100031_C100016"",""KOR_P_R100031_C100017""]",NULL,NULL,NULL,NULL,NULL,NULL,NULL,NULL,NULL,NULL,NULL,2022,False,minimum_representation,132.92126357865524,0.21962833808682683
23,KOR_P_R100030_C100018,KOR,KR-46,전남,Jeonnam,605.2099867281561,1.0000000000000016,False,975839.2169550866,1686814.75,"[""KOR_P_R100030_C100019"",""KOR_P_R100031_C100018""]",NULL,NULL,NULL,NULL,NULL,NULL,NULL,NULL,NULL,NULL,NULL,2022,False,dominant_overlap,599.0272404038325,0.989784130368125
24,KOR_P_R100030_C100019,KOR,KR-46,전남,Jeonnam,605.2099867281541,1.0000000000000002,False,1002274.7290081469,1686814.75,"[""KOR_P_R100030_C100018"",""KOR_P_R100030_C100020"",""KOR_P_R100031_C100018"",""KOR_P_R100031_C100019""]",NULL,NULL,NULL,NULL,NULL,NULL,NULL,NULL,NULL,NULL,NULL,2022,False,dominant_overlap,567.8641025526534,0.9382926835404723
25,KOR_P_R100030_C100020,KOR,KR-48,경남,Gyeongnam,605.2099867281552,1.0,False,1028710.2410612073,1686814.75,"[""KOR_P_R100030_C100019"",""KOR_P_R100031_C100019"",""KOR_P_R100031_C100020""]",NULL,NULL,NULL,NULL,NULL,NULL,NULL,NULL,NULL,NULL,NULL,2022,False,dominant_overlap,597.6324940382194,0.9874795643560005
26,KOR_P_R100030_C100021,KOR,KR-48,경남,Gyeongnam,605.2099867281552,0.9967285824933088,True,1055145.7531142677,1686814.75,"[""KOR_P_R100030_C100022"",""KOR_P_R100031_C100021""]",NULL,NULL,NULL,NULL,NULL,NULL,NULL,NULL,NULL,NULL,NULL,2022,False,dominant_overlap,603.2300921823482,0.9967285824933088
27,KOR_P_R100030_C100022,KOR,KR-48,경남,Gyeongnam,605.209986728157,0.9732791569363319,True,1081581.265167328,1686814.75,"[""KOR_P_R100030_C100021"",""KOR_P_R100030_C100023"",""KOR_P_R100031_C100021"",""KOR_P_R100031_C100022""]",NULL,NULL,NULL,NULL,NULL,NULL,NULL,NULL,NULL,NULL,NULL,2022,False,dominant_overlap,589.0382656522293,0.9732791569363319
28,KOR_P_R100030_C100023,KOR,KR-48,경남,Gyeongnam,605.2099867281532,0.7871984465114036,True,1108016.7772203884,1686814.75,"[""KOR_P_R100030_C100022"",""KOR_P_R100030_C100024"",""KOR_P_R100031_C100022"",""KOR_P_R100031_C100023""]",NULL,NULL,NULL,NULL,NULL,NULL,NULL,NULL,NULL,NULL,NULL,2022,False,dominant_overlap,476.4203613655894,0.7871984465114036
29,KOR_P_R100030_C100024,KOR,KR-26,부산,Busan,605.2099867281541,0.880672079570936,True,1134452.2892734488,1686814.75,"[""KOR_P_R100030_C100023"",""KOR_P_R100031_C100023"",""KOR_P_R100031_C100024""]",NULL,NULL,NULL,NULL,NULL,NULL,NULL,NULL,NULL,NULL,NULL,2022,False,minimum_representation,235.6511860795288,0.389370947682953
30,KOR_P_R100031_C100015,KOR,KR-45,전북,Jeonbuk,605.2099867281504,0.8368528607189455,True,909750.4368224356,1709708.575,"[""KOR_P_R100030_C100015"",""KOR_P_R100030_C100016"",""KOR_P_R100031_C100016"",""KOR_P_R100032_C100016""]",NULL,NULL,NULL,NULL,NULL,NULL,NULL,NULL,NULL,NULL,NULL,2022,False,dominant_overlap,285.4739244701383,0.4716940082457168
31,KOR_P_R100031_C100016,KOR,KR-46,전남,Jeonnam,605.2099867281494,1.000000000000009,False,936185.9488754959,1709708.575,"[""KOR_P_R100030_C100016"",""KOR_P_R100030_C100017"",""KOR_P_R100031_C100015"",""KOR_P_R100031_C100017"",""KOR_P_R100032_C100016"",""KOR_P_R100032_C100017""]",NULL,NULL,NULL,NULL,NULL,NULL,NULL,NULL,NULL,NULL,NULL,2022,False,dominant_overlap,341.5214299491434,0.5643023701499977
32,KOR_P_R100031_C100017,KOR,KR-45,전북,Jeonbuk,605.2099867281504,0.999999999999989,False,962621.4609285563,1709708.575,"[""KOR_P_R100030_C100017"",""KOR_P_R100031_C100016"",""KOR_P_R100032_C100017""]",NULL,NULL,NULL,NULL,NULL,NULL,NULL,NULL,NULL,NULL,NULL,2022,False,dominant_overlap,392.8742258576579,0.6491535739216578
33,KOR_P_R100031_C100018,KOR,KR-45,전북,Jeonbuk,605.2099867281513,1.0000000000000044,False,989056.9729816167,1709708.575,"[""KOR_P_R100030_C100018"",""KOR_P_R100030_C100019"",""KOR_P_R100031_C100019"",""KOR_P_R100032_C100018"",""KOR_P_R100032_C100019""]",NULL,NULL,NULL,NULL,NULL,NULL,NULL,NULL,NULL,NULL,NULL,2022,False,dominant_overlap,546.4327017758436,0.9028811714260272
34,KOR_P_R100031_C100019,KOR,KR-48,경남,Gyeongnam,605.2099867281513,1.0000000000000087,False,1015492.4850346771,1709708.575,"[""KOR_P_R100030_C100019"",""KOR_P_R100030_C100020"",""KOR_P_R100031_C100018"",""KOR_P_R100031_C100020"",""KOR_P_R100032_C100019"",""KOR_P_R100032_C100020""]",NULL,NULL,NULL,NULL,NULL,NULL,NULL,NULL,NULL,NULL,NULL,2022,False,dominant_overlap,333.5981371317439,0.5512105623623653
35,KOR_P_R100031_C100020,KOR,KR-48,경남,Gyeongnam,605.2099867281513,1.0,False,1041927.9970877374,1709708.575,"[""KOR_P_R100030_C100020"",""KOR_P_R100031_C100019"",""KOR_P_R100031_C100021"",""KOR_P_R100032_C100020""]",NULL,NULL,NULL,NULL,NULL,NULL,NULL,NULL,NULL,NULL,NULL,2022,False,dominant_overlap,605.2099867281513,1.0
36,KOR_P_R100031_C100021,KOR,KR-48,경남,Gyeongnam,605.2099867281523,0.9999999999999984,False,1068363.509140798,1709708.575,"[""KOR_P_R100030_C100021"",""KOR_P_R100030_C100022"",""KOR_P_R100031_C100020"",""KOR_P_R100031_C100022"",""KOR_P_R100032_C100021"",""KOR_P_R100032_C100022""]",NULL,NULL,NULL,NULL,NULL,NULL,NULL,NULL,NULL,NULL,NULL,2022,False,dominant_overlap,605.2099867281513,0.9999999999999984
37,KOR_P_R100031_C100022,KOR,KR-48,경남,Gyeongnam,605.2099867281504,1.0000000000000078,False,1094799.0211938582,1709708.575,"[""KOR_P_R100030_C100022"",""KOR_P_R100030_C100023"",""KOR_P_R100031_C100021"",""KOR_P_R100031_C100023"",""KOR_P_R100032_C100022"",""KOR_P_R100032_C100023""]",NULL,NULL,NULL,NULL,NULL,NULL,NULL,NULL,NULL,NULL,NULL,2022,False,dominant_overlap,605.2099867281552,1.0000000000000078
38,KOR_P_R100031_C100023,KOR,KR-48,경남,Gyeongnam,605.2099867281504,1.0000000000000047,False,1121234.5332469186,1709708.575,"[""KOR_P_R100030_C100023"",""KOR_P_R100030_C100024"",""KOR_P_R100031_C100022"",""KOR_P_R100031_C100024"",""KOR_P_R100032_C100023"",""KOR_P_R100032_C100024""]",NULL,NULL,NULL,NULL,NULL,NULL,NULL,NULL,NULL,NULL,NULL,2022,False,dominant_overlap,605.2099867281532,1.0000000000000047
39,KOR_P_R100031_C100024,KOR,KR-48,경남,Gyeongnam,605.2099867281504,0.9990463402210468,False,1147670.045299979,1709708.575,"[""KOR_P_R100030_C100024"",""KOR_P_R100031_C100023"",""KOR_P_R100032_C100024"",""KOR_P_R100032_C100025""]",NULL,NULL,NULL,NULL,NULL,NULL,NULL,NULL,NULL,NULL,NULL,2022,False,dominant_overlap,402.76095701357747,0.665489608310926
40,KOR_P_R100032_C100016,KOR,KR-45,전북,Jeonbuk,605.2099867281541,0.8849725192540093,True,922968.1928489658,1732602.4,"[""KOR_P_R100031_C100015"",""KOR_P_R100031_C100016"",""KOR_P_R100032_C100017"",""KOR_P_R100033_C100016""]",NULL,NULL,NULL,NULL,NULL,NULL,NULL,NULL,NULL,NULL,NULL,2022,False,dominant_overlap,535.5942066325001,0.8849725192540093
41,KOR_P_R100032_C100017,KOR,KR-45,전북,Jeonbuk,605.2099867281552,1.0000000000000062,False,949403.7049020261,1732602.4,"[""KOR_P_R100031_C100016"",""KOR_P_R100031_C100017"",""KOR_P_R100032_C100016"",""KOR_P_R100033_C100016"",""KOR_P_R100033_C100017""]",NULL,NULL,NULL,NULL,NULL,NULL,NULL,NULL,NULL,NULL,NULL,2022,False,dominant_overlap,605.2099867281589,1.0000000000000062
42,KOR_P_R100032_C100018,KOR,KR-45,전북,Jeonbuk,605.2099867281561,1.000000000000003,False,975839.2169550866,1732602.4,"[""KOR_P_R100031_C100018"",""KOR_P_R100032_C100019"",""KOR_P_R100033_C100018""]",NULL,NULL,NULL,NULL,NULL,NULL,NULL,NULL,NULL,NULL,NULL,2022,False,dominant_overlap,605.209986728158,1.000000000000003
43,KOR_P_R100032_C100019,KOR,KR-45,전북,Jeonbuk,605.2099867281541,1.0,False,1002274.7290081469,1732602.4,"[""KOR_P_R100031_C100018"",""KOR_P_R100031_C100019"",""KOR_P_R100032_C100018"",""KOR_P_R100032_C100020"",""KOR_P_R100033_C100018"",""KOR_P_R100033_C100019""]",NULL,NULL,NULL,NULL,NULL,NULL,NULL,NULL,NULL,NULL,NULL,2022,False,dominant_overlap,573.6657220167856,0.9478788099946912
44,KOR_P_R100032_C100020,KOR,KR-48,경남,Gyeongnam,605.2099867281552,0.9999999999999974,False,1028710.2410612073,1732602.4,"[""KOR_P_R100031_C100019"",""KOR_P_R100031_C100020"",""KOR_P_R100032_C100019"",""KOR_P_R100033_C100019"",""KOR_P_R100033_C100020""]",NULL,NULL,NULL,NULL,NULL,NULL,NULL,NULL,NULL,NULL,NULL,2022,False,dominant_overlap,604.029921389679,0.998050155542119
45,KOR_P_R100032_C100021,KOR,KR-48,경남,Gyeongnam,605.2099867281552,0.9999999999999952,False,1055145.7531142677,1732602.4,"[""KOR_P_R100031_C100021"",""KOR_P_R100032_C100022"",""KOR_P_R100033_C100021""]",NULL,NULL,NULL,NULL,NULL,NULL,NULL,NULL,NULL,NULL,NULL,2022,False,dominant_overlap,581.1119528481331,0.9601823591671063
46,KOR_P_R100032_C100022,KOR,KR-48,경남,Gyeongnam,605.209986728157,1.000000000000003,False,1081581.265167328,1732602.4,"[""KOR_P_R100031_C100021"",""KOR_P_R100031_C100022"",""KOR_P_R100032_C100021"",""KOR_P_R100032_C100023"",""KOR_P_R100033_C100021"",""KOR_P_R100033_C100022""]",NULL,NULL,NULL,NULL,NULL,NULL,NULL,NULL,NULL,NULL,NULL,2022,False,dominant_overlap,351.4698701031599,0.5807403674933574
47,KOR_P_R100032_C100023,KOR,KR-47,경북,Gyeongbuk,605.2099867281532,0.9999999999999964,False,1108016.7772203884,1732602.4,"[""KOR_P_R100031_C100022"",""KOR_P_R100031_C100023"",""KOR_P_R100032_C100022"",""KOR_P_R100032_C100024"",""KOR_P_R100033_C100022"",""KOR_P_R100033_C100023""]",NULL,NULL,NULL,NULL,NULL,NULL,NULL,NULL,NULL,NULL,NULL,2022,False,dominant_overlap,402.0571561324961,0.6643267046964497
48,KOR_P_R100032_C100024,KOR,KR-47,경북,Gyeongbuk,605.2099867281541,0.9999999999999898,False,1134452.2892734488,1732602.4,"[""KOR_P_R100031_C100023"",""KOR_P_R100031_C100024"",""KOR_P_R100032_C100023"",""KOR_P_R100032_C100025"",""KOR_P_R100033_C100023"",""KOR_P_R100033_C100024""]",NULL,NULL,NULL,NULL,NULL,NULL,NULL,NULL,NULL,NULL,NULL,2022,False,dominant_overlap,251.56957304330254,0.41567320196304286
49,KOR_P_R100032_C100025,KOR,KR-31,울산,Ulsan,605.2099867281541,0.9870200798642372,True,1160887.801326509,1732602.4,"[""KOR_P_R100031_C100024"",""KOR_P_R100032_C100024"",""KOR_P_R100033_C100024"",""KOR_P_R100033_C100025""]",NULL,NULL,NULL,NULL,NULL,NULL,NULL,NULL,NULL,NULL,NULL,2022,False,dominant_overlap,478.99373197561266,0.7914504758342085
50,KOR_P_R100033_C100016,KOR,KR-45,전북,Jeonbuk,605.2099867281494,0.8124788797873302,True,936185.9488754959,1755496.2249999999,"[""KOR_P_R100032_C100016"",""KOR_P_R100032_C100017"",""KOR_P_R100033_C100017"",""KOR_P_R100034_C100016"",""KOR_P_R100034_C100017""]",NULL,NULL,NULL,NULL,NULL,NULL,NULL,NULL,NULL,NULL,NULL,2022,False,dominant_overlap,491.72033205299186,0.8124788797873302
51,KOR_P_R100033_C100017,KOR,KR-45,전북,Jeonbuk,605.2099867281504,0.9999999999999969,False,962621.4609285563,1755496.2249999999,"[""KOR_P_R100032_C100017"",""KOR_P_R100033_C100016"",""KOR_P_R100034_C100017""]",NULL,NULL,NULL,NULL,NULL,NULL,NULL,NULL,NULL,NULL,NULL,2022,False,dominant_overlap,605.2099867281485,0.9999999999999969
52,KOR_P_R100033_C100018,KOR,KR-45,전북,Jeonbuk,605.2099867281513,1.0,False,989056.9729816167,1755496.2249999999,"[""KOR_P_R100032_C100018"",""KOR_P_R100032_C100019"",""KOR_P_R100033_C100019"",""KOR_P_R100034_C100018"",""KOR_P_R100034_C100019""]",NULL,NULL,NULL,NULL,NULL,NULL,NULL,NULL,NULL,NULL,NULL,2022,False,dominant_overlap,605.2099867281513,1.0
53,KOR_P_R100033_C100019,KOR,KR-45,전북,Jeonbuk,605.2099867281513,1.0000000000000027,False,1015492.4850346771,1755496.2249999999,"[""KOR_P_R100032_C100019"",""KOR_P_R100032_C100020"",""KOR_P_R100033_C100018"",""KOR_P_R100033_C100020"",""KOR_P_R100034_C100019"",""KOR_P_R100034_C100020""]",NULL,NULL,NULL,NULL,NULL,NULL,NULL,NULL,NULL,NULL,NULL,2022,False,dominant_overlap,508.4186940656755,0.84006990171173
54,KOR_P_R100033_C100020,KOR,KR-48,경남,Gyeongnam,605.2099867281532,0.9999999999999992,False,1041927.9970877374,1755496.2249999999,"[""KOR_P_R100032_C100020"",""KOR_P_R100033_C100019"",""KOR_P_R100033_C100021"",""KOR_P_R100034_C100020""]",NULL,NULL,NULL,NULL,NULL,NULL,NULL,NULL,NULL,NULL,NULL,2022,False,dominant_overlap,402.54325673497965,0.6651298979899237
55,KOR_P_R100033_C100021,KOR,KR-47,경북,Gyeongbuk,605.2099867281523,0.999999999999989,False,1068363.509140798,1755496.2249999999,"[""KOR_P_R100032_C100021"",""KOR_P_R100032_C100022"",""KOR_P_R100033_C100020"",""KOR_P_R100033_C100022"",""KOR_P_R100034_C100021"",""KOR_P_R100034_C100022""]",NULL,NULL,NULL,NULL,NULL,NULL,NULL,NULL,NULL,NULL,NULL,2022,False,dominant_overlap,547.3820068684043,0.9044497263299077
56,KOR_P_R100033_C100022,KOR,KR-47,경북,Gyeongbuk,605.2099867281504,1.0000000000000036,False,1094799.0211938582,1755496.2249999999,"[""KOR_P_R100032_C100022"",""KOR_P_R100032_C100023"",""KOR_P_R100033_C100021"",""KOR_P_R100033_C100023"",""KOR_P_R100034_C100022"",""KOR_P_R100034_C100023""]",NULL,NULL,NULL,NULL,NULL,NULL,NULL,NULL,NULL,NULL,NULL,2022,False,dominant_overlap,396.98520056552553,0.6559462158112805
57,KOR_P_R100033_C100023,KOR,KR-47,경북,Gyeongbuk,605.2099867281504,1.0000000000000095,False,1121234.5332469186,1755496.2249999999,"[""KOR_P_R100032_C100023"",""KOR_P_R100032_C100024"",""KOR_P_R100033_C100022"",""KOR_P_R100033_C100024"",""KOR_P_R100034_C100023"",""KOR_P_R100034_C100024""]",NULL,NULL,NULL,NULL,NULL,NULL,NULL,NULL,NULL,NULL,NULL,2022,False,dominant_overlap,579.116412680418,0.9568850901010444
58,KOR_P_R100033_C100024,KOR,KR-47,경북,Gyeongbuk,605.2099867281504,1.000000000000003,False,1147670.045299979,1755496.2249999999,"[""KOR_P_R100032_C100024"",""KOR_P_R100032_C100025"",""KOR_P_R100033_C100023"",""KOR_P_R100033_C100025"",""KOR_P_R100034_C100024"",""KOR_P_R100034_C100025""]",NULL,NULL,NULL,NULL,NULL,NULL,NULL,NULL,NULL,NULL,NULL,2022,False,dominant_overlap,588.5886843423443,0.9725363051663057
59,KOR_P_R100033_C100025,KOR,KR-47,경북,Gyeongbuk,605.2099867281504,0.7888912778673469,True,1174105.5573530393,1755496.2249999999,"[""KOR_P_R100032_C100025"",""KOR_P_R100033_C100024"",""KOR_P_R100034_C100025""]",NULL,NULL,NULL,NULL,NULL,NULL,NULL,NULL,NULL,NULL,NULL,2022,False,dominant_overlap,477.44487980805064,0.7888912778673469
60,KOR_P_R100034_C100016,KOR,KR-45,전북,Jeonbuk,605.2099867281541,0.5435506343711664,True,922968.1928489658,1778390.0499999998,"[""KOR_P_R100033_C100016"",""KOR_P_R100034_C100017""]",NULL,NULL,NULL,NULL,NULL,NULL,NULL,NULL,NULL,NULL,NULL,2022,False,dominant_overlap,192.82407173154783,0.3186068901043429
61,KOR_P_R100034_C100017,KOR,KR-45,전북,Jeonbuk,605.2099867281552,0.9724421721944032,True,949403.7049020261,1778390.0499999998,"[""KOR_P_R100033_C100016"",""KOR_P_R100033_C100017"",""KOR_P_R100034_C100016""]",NULL,NULL,NULL,NULL,NULL,NULL,NULL,NULL,NULL,NULL,NULL,2022,False,dominant_overlap,544.9670795378246,0.9004594958586001
62,KOR_P_R100034_C100018,KOR,KR-45,전북,Jeonbuk,605.2099867281561,0.9999999999999858,False,975839.2169550866,1778390.0499999998,"[""KOR_P_R100033_C100018"",""KOR_P_R100034_C100019""]",NULL,NULL,NULL,NULL,NULL,NULL,NULL,NULL,NULL,NULL,NULL,2022,False,dominant_overlap,524.0062103720827,0.865825452096269
63,KOR_P_R100034_C100019,KOR,KR-45,전북,Jeonbuk,605.2099867281541,1.000000000000007,False,1002274.7290081469,1778390.0499999998,"[""KOR_P_R100033_C100018"",""KOR_P_R100033_C100019"",""KOR_P_R100034_C100018"",""KOR_P_R100034_C100020""]",NULL,NULL,NULL,NULL,NULL,NULL,NULL,NULL,NULL,NULL,NULL,2022,False,dominant_overlap,303.6407246768298,0.5017113585953068
64,KOR_P_R100034_C100020,KOR,KR-43,충북,Chungbuk,605.2099867281552,0.9999999999999878,False,1028710.2410612073,1778390.0499999998,"[""KOR_P_R100033_C100019"",""KOR_P_R100033_C100020"",""KOR_P_R100034_C100019""]",NULL,NULL,NULL,NULL,NULL,NULL,NULL,NULL,NULL,NULL,NULL,2022,False,dominant_overlap,294.20430358160735,0.48611938010493605
65,KOR_P_R100034_C100021,KOR,KR-47,경북,Gyeongbuk,605.2099867281552,0.9999999999999984,False,1055145.7531142677,1778390.0499999998,"[""KOR_P_R100033_C100021"",""KOR_P_R100034_C100022""]",NULL,NULL,NULL,NULL,NULL,NULL,NULL,NULL,NULL,NULL,NULL,2022,False,dominant_overlap,605.2099867281541,0.9999999999999984
66,KOR_P_R100034_C100022,KOR,KR-47,경북,Gyeongbuk,605.209986728157,1.0000000000000009,False,1081581.265167328,1778390.0499999998,"[""KOR_P_R100033_C100021"",""KOR_P_R100033_C100022"",""KOR_P_R100034_C100021"",""KOR_P_R100034_C100023""]",NULL,NULL,NULL,NULL,NULL,NULL,NULL,NULL,NULL,NULL,NULL,2022,False,dominant_overlap,595.7272566619854,0.9843315043140043
67,KOR_P_R100034_C100023,KOR,KR-27,대구,Daegu,605.2099867281532,0.9999999999999882,False,1108016.7772203884,1778390.0499999998,"[""KOR_P_R100033_C100022"",""KOR_P_R100033_C100023"",""KOR_P_R100034_C100022"",""KOR_P_R100034_C100024""]",NULL,NULL,NULL,NULL,NULL,NULL,NULL,NULL,NULL,NULL,NULL,2022,False,minimum_representation,221.49081982338762,0.3659735045364946
68,KOR_P_R100034_C100024,KOR,KR-47,경북,Gyeongbuk,605.2099867281541,1.0000000000000047,False,1134452.2892734488,1778390.0499999998,"[""KOR_P_R100033_C100023"",""KOR_P_R100033_C100024"",""KOR_P_R100034_C100023"",""KOR_P_R100034_C100025""]",NULL,NULL,NULL,NULL,NULL,NULL,NULL,NULL,NULL,NULL,NULL,2022,False,dominant_overlap,605.209986728157,1.0000000000000047
69,KOR_P_R100034_C100025,KOR,KR-47,경북,Gyeongbuk,605.2099867281541,0.9645564955505522,True,1160887.801326509,1778390.0499999998,"[""KOR_P_R100033_C100024"",""KOR_P_R100033_C100025"",""KOR_P_R100034_C100024""]",NULL,NULL,NULL,NULL,NULL,NULL,NULL,NULL,NULL,NULL,NULL,2022,False,dominant_overlap,583.7592238707047,0.9645564955505522
70,KOR_P_R100035_C100016,KOR,KR-44,충남,Chungnam,605.2099867281494,1.0000000000000078,False,936185.9488754959,1801283.875,"[""KOR_P_R100035_C100017"",""KOR_P_R100036_C100016"",""KOR_P_R100036_C100017""]",NULL,NULL,NULL,NULL,NULL,NULL,NULL,NULL,NULL,NULL,NULL,2022,False,dominant_overlap,605.2099867281541,1.0000000000000078
71,KOR_P_R100035_C100017,KOR,KR-44,충남,Chungnam,605.2099867281504,1.0000000000000016,False,962621.4609285563,1801283.875,"[""KOR_P_R100035_C100016"",""KOR_P_R100036_C100017""]",NULL,NULL,NULL,NULL,NULL,NULL,NULL,NULL,NULL,NULL,NULL,2022,False,dominant_overlap,567.8764614889936,0.9383131044466285
72,KOR_P_R100035_C100018,KOR,KR-44,충남,Chungnam,605.2099867281513,0.9999999999999984,False,989056.9729816167,1801283.875,"[""KOR_P_R100035_C100019"",""KOR_P_R100036_C100018"",""KOR_P_R100036_C100019""]",NULL,NULL,NULL,NULL,NULL,NULL,NULL,NULL,NULL,NULL,NULL,2022,False,dominant_overlap,440.7777221990194,0.728305434254191
73,KOR_P_R100035_C100019,KOR,KR-43,충북,Chungbuk,605.2099867281513,0.9999999999999906,False,1015492.4850346771,1801283.875,"[""KOR_P_R100035_C100018"",""KOR_P_R100035_C100020"",""KOR_P_R100036_C100019"",""KOR_P_R100036_C100020""]",NULL,NULL,NULL,NULL,NULL,NULL,NULL,NULL,NULL,NULL,NULL,2022,False,dominant_overlap,579.9401864211502,0.9582462271589186
74,KOR_P_R100035_C100020,KOR,KR-47,경북,Gyeongbuk,605.2099867281513,1.000000000000011,False,1041927.9970877374,1801283.875,"[""KOR_P_R100035_C100019"",""KOR_P_R100035_C100021"",""KOR_P_R100036_C100020""]",NULL,NULL,NULL,NULL,NULL,NULL,NULL,NULL,NULL,NULL,NULL,2022,False,dominant_overlap,365.7069638126001,0.6042645888737931
75,KOR_P_R100035_C100021,KOR,KR-47,경북,Gyeongbuk,605.2099867281523,0.9999999999999952,False,1068363.509140798,1801283.875,"[""KOR_P_R100035_C100020"",""KOR_P_R100035_C100022"",""KOR_P_R100036_C100021"",""KOR_P_R100036_C100022""]",NULL,NULL,NULL,NULL,NULL,NULL,NULL,NULL,NULL,NULL,NULL,2022,False,dominant_overlap,605.2099867281494,0.9999999999999952
76,KOR_P_R100035_C100022,KOR,KR-47,경북,Gyeongbuk,605.2099867281504,0.9999999999999984,False,1094799.0211938582,1801283.875,"[""KOR_P_R100035_C100021"",""KOR_P_R100035_C100023"",""KOR_P_R100036_C100022"",""KOR_P_R100036_C100023""]",NULL,NULL,NULL,NULL,NULL,NULL,NULL,NULL,NULL,NULL,NULL,2022,False,dominant_overlap,605.2099867281494,0.9999999999999984
77,KOR_P_R100035_C100023,KOR,KR-47,경북,Gyeongbuk,605.2099867281504,1.0000000000000016,False,1121234.5332469186,1801283.875,"[""KOR_P_R100035_C100022"",""KOR_P_R100035_C100024"",""KOR_P_R100036_C100023"",""KOR_P_R100036_C100024""]",NULL,NULL,NULL,NULL,NULL,NULL,NULL,NULL,NULL,NULL,NULL,2022,False,dominant_overlap,605.2099867281513,1.0000000000000016
78,KOR_P_R100035_C100024,KOR,KR-47,경북,Gyeongbuk,605.2099867281504,1.0000000000000047,False,1147670.045299979,1801283.875,"[""KOR_P_R100035_C100023"",""KOR_P_R100036_C100024"",""KOR_P_R100036_C100025""]",NULL,NULL,NULL,NULL,NULL,NULL,NULL,NULL,NULL,NULL,NULL,2022,False,dominant_overlap,605.2099867281532,1.0000000000000047
79,KOR_P_R100036_C100016,KOR,KR-44,충남,Chungnam,605.2099867281541,0.9121565136729889,True,922968.1928489658,1824177.7,"[""KOR_P_R100035_C100016"",""KOR_P_R100036_C100017"",""KOR_P_R100037_C100015"",""KOR_P_R100037_C100016""]",NULL,NULL,NULL,NULL,NULL,NULL,NULL,NULL,NULL,NULL,NULL,2022,False,dominant_overlap,552.0462315340291,0.9121565136729889
80,KOR_P_R100036_C100017,KOR,KR-44,충남,Chungnam,605.2099867281552,0.9999999999999959,False,949403.7049020261,1824177.7,"[""KOR_P_R100035_C100016"",""KOR_P_R100035_C100017"",""KOR_P_R100036_C100016"",""KOR_P_R100037_C100016"",""KOR_P_R100037_C100017""]",NULL,NULL,NULL,NULL,NULL,NULL,NULL,NULL,NULL,NULL,NULL,2022,False,dominant_overlap,600.2731840544567,0.9918428268172054
81,KOR_P_R100036_C100018,KOR,KR-30,대전,Daejeon,605.2099867281561,0.9999999999999898,False,975839.2169550866,1824177.7,"[""KOR_P_R100035_C100018"",""KOR_P_R100036_C100019"",""KOR_P_R100037_C100018""]",NULL,NULL,NULL,NULL,NULL,NULL,NULL,NULL,NULL,NULL,NULL,2022,False,minimum_representation,162.53594740037536,0.2685612447987943
82,KOR_P_R100036_C100019,KOR,KR-43,충북,Chungbuk,605.2099867281541,0.9999999999999969,False,1002274.7290081469,1824177.7,"[""KOR_P_R100035_C100018"",""KOR_P_R100035_C100019"",""KOR_P_R100036_C100018"",""KOR_P_R100036_C100020"",""KOR_P_R100037_C100018"",""KOR_P_R100037_C100019""]",NULL,NULL,NULL,NULL,NULL,NULL,NULL,NULL,NULL,NULL,NULL,2022,False,dominant_overlap,477.8136094906206,0.7895005369520497
83,KOR_P_R100036_C100020,KOR,KR-43,충북,Chungbuk,605.2099867281552,0.9999999999999921,False,1028710.2410612073,1824177.7,"[""KOR_P_R100035_C100019"",""KOR_P_R100035_C100020"",""KOR_P_R100036_C100019"",""KOR_P_R100037_C100019"",""KOR_P_R100037_C100020""]",NULL,NULL,NULL,NULL,NULL,NULL,NULL,NULL,NULL,NULL,NULL,2022,False,dominant_overlap,399.0688637208383,0.6593890921699047
84,KOR_P_R100036_C100021,KOR,KR-47,경북,Gyeongbuk,605.2099867281552,0.9999999999999984,False,1055145.7531142677,1824177.7,"[""KOR_P_R100035_C100021"",""KOR_P_R100036_C100022"",""KOR_P_R100037_C100021""]",NULL,NULL,NULL,NULL,NULL,NULL,NULL,NULL,NULL,NULL,NULL,2022,False,dominant_overlap,605.2099867281541,0.9999999999999984
85,KOR_P_R100036_C100022,KOR,KR-47,경북,Gyeongbuk,605.209986728157,1.0000000000000016,False,1081581.265167328,1824177.7,"[""KOR_P_R100035_C100021"",""KOR_P_R100035_C100022"",""KOR_P_R100036_C100021"",""KOR_P_R100036_C100023"",""KOR_P_R100037_C100021"",""KOR_P_R100037_C100022""]",NULL,NULL,NULL,NULL,NULL,NULL,NULL,NULL,NULL,NULL,NULL,2022,False,dominant_overlap,605.209986728158,1.0000000000000016
86,KOR_P_R100036_C100023,KOR,KR-47,경북,Gyeongbuk,605.2099867281532,1.0000000000000047,False,1108016.7772203884,1824177.7,"[""KOR_P_R100035_C100022"",""KOR_P_R100035_C100023"",""KOR_P_R100036_C100022"",""KOR_P_R100036_C100024"",""KOR_P_R100037_C100022"",""KOR_P_R100037_C100023""]",NULL,NULL,NULL,NULL,NULL,NULL,NULL,NULL,NULL,NULL,NULL,2022,False,dominant_overlap,605.2099867281561,1.0000000000000047
87,KOR_P_R100036_C100024,KOR,KR-47,경북,Gyeongbuk,605.2099867281541,1.0000000000000047,False,1134452.2892734488,1824177.7,"[""KOR_P_R100035_C100023"",""KOR_P_R100035_C100024"",""KOR_P_R100036_C100023"",""KOR_P_R100036_C100025"",""KOR_P_R100037_C100023"",""KOR_P_R100037_C100024""]",NULL,NULL,NULL,NULL,NULL,NULL,NULL,NULL,NULL,NULL,NULL,2022,False,dominant_overlap,605.209986728157,1.0000000000000047
88,KOR_P_R100036_C100025,KOR,KR-47,경북,Gyeongbuk,605.2099867281541,0.9562294370019537,True,1160887.801326509,1824177.7,"[""KOR_P_R100035_C100024"",""KOR_P_R100036_C100024"",""KOR_P_R100037_C100024"",""KOR_P_R100037_C100025""]",NULL,NULL,NULL,NULL,NULL,NULL,NULL,NULL,NULL,NULL,NULL,2022,False,dominant_overlap,578.7196048770228,0.9562294370019537
89,KOR_P_R100037_C100015,KOR,KR-44,충남,Chungnam,605.2099867281513,0.6650099933626142,True,909750.4368224356,1847071.525,"[""KOR_P_R100036_C100016"",""KOR_P_R100037_C100016"",""KOR_P_R100038_C100015"",""KOR_P_R100038_C100016""]",NULL,NULL,NULL,NULL,NULL,NULL,NULL,NULL,NULL,NULL,NULL,2022,False,dominant_overlap,402.4706892570758,0.6650099933626142
90,KOR_P_R100037_C100016,KOR,KR-44,충남,Chungnam,605.2099867281476,1.0000000000000016,False,936185.9488754959,1847071.525,"[""KOR_P_R100036_C100016"",""KOR_P_R100036_C100017"",""KOR_P_R100037_C100015"",""KOR_P_R100037_C100017"",""KOR_P_R100038_C100016"",""KOR_P_R100038_C100017""]",NULL,NULL,NULL,NULL,NULL,NULL,NULL,NULL,NULL,NULL,NULL,2022,False,dominant_overlap,605.2099867281485,1.0000000000000016
91,KOR_P_R100037_C100017,KOR,KR-50,세종,Sejong,605.2099867281504,1.0000000000000087,False,962621.4609285563,1847071.525,"[""KOR_P_R100036_C100017"",""KOR_P_R100037_C100016"",""KOR_P_R100038_C100017""]",NULL,NULL,NULL,NULL,NULL,NULL,NULL,NULL,NULL,NULL,NULL,2022,False,minimum_representation,218.87477624073125,0.3616509658474058
92,KOR_P_R100037_C100018,KOR,KR-43,충북,Chungbuk,605.2099867281513,1.000000000000002,False,989056.9729816167,1847071.525,"[""KOR_P_R100036_C100018"",""KOR_P_R100036_C100019"",""KOR_P_R100037_C100019"",""KOR_P_R100038_C100018"",""KOR_P_R100038_C100019""]",NULL,NULL,NULL,NULL,NULL,NULL,NULL,NULL,NULL,NULL,NULL,2022,False,dominant_overlap,544.7151397460503,0.900043210937175
93,KOR_P_R100037_C100019,KOR,KR-43,충북,Chungbuk,605.2099867281513,1.0000000000000016,False,1015492.4850346771,1847071.525,"[""KOR_P_R100036_C100019"",""KOR_P_R100036_C100020"",""KOR_P_R100037_C100018"",""KOR_P_R100037_C100020"",""KOR_P_R100038_C100019"",""KOR_P_R100038_C100020""]",NULL,NULL,NULL,NULL,NULL,NULL,NULL,NULL,NULL,NULL,NULL,2022,False,dominant_overlap,598.7329920597039,0.9892979382189924
94,KOR_P_R100037_C100020,KOR,KR-47,경북,Gyeongbuk,605.2099867281532,1.000000000000003,False,1041927.9970877374,1847071.525,"[""KOR_P_R100036_C100020"",""KOR_P_R100037_C100019"",""KOR_P_R100037_C100021"",""KOR_P_R100038_C100020""]",NULL,NULL,NULL,NULL,NULL,NULL,NULL,NULL,NULL,NULL,NULL,2022,False,dominant_overlap,452.9496046218548,0.7484172676504587
95,KOR_P_R100037_C100021,KOR,KR-47,경북,Gyeongbuk,605.2099867281523,0.9999999999999984,False,1068363.509140798,1847071.525,"[""KOR_P_R100036_C100021"",""KOR_P_R100036_C100022"",""KOR_P_R100037_C100020"",""KOR_P_R100037_C100022"",""KOR_P_R100038_C100021"",""KOR_P_R100038_C100022""]",NULL,NULL,NULL,NULL,NULL,NULL,NULL,NULL,NULL,NULL,NULL,2022,False,dominant_overlap,605.2099867281513,0.9999999999999984
96,KOR_P_R100037_C100022,KOR,KR-47,경북,Gyeongbuk,605.2099867281504,1.0000000000000078,False,1094799.0211938582,1847071.525,"[""KOR_P_R100036_C100022"",""KOR_P_R100036_C100023"",""KOR_P_R100037_C100021"",""KOR_P_R100037_C100023"",""KOR_P_R100038_C100022"",""KOR_P_R100038_C100023""]",NULL,NULL,NULL,NULL,NULL,NULL,NULL,NULL,NULL,NULL,NULL,2022,False,dominant_overlap,605.2099867281552,1.0000000000000078
97,KOR_P_R100037_C100023,KOR,KR-47,경북,Gyeongbuk,605.2099867281504,1.0000000000000047,False,1121234.5332469186,1847071.525,"[""KOR_P_R100036_C100023"",""KOR_P_R100036_C100024"",""KOR_P_R100037_C100022"",""KOR_P_R100037_C100024"",""KOR_P_R100038_C100023"",""KOR_P_R100038_C100024""]",NULL,NULL,NULL,NULL,NULL,NULL,NULL,NULL,NULL,NULL,NULL,2022,False,dominant_overlap,605.2099867281532,1.0000000000000047
98,KOR_P_R100037_C100024,KOR,KR-47,경북,Gyeongbuk,605.2099867281504,0.9999999999999952,False,1147670.045299979,1847071.525,"[""KOR_P_R100036_C100024"",""KOR_P_R100036_C100025"",""KOR_P_R100037_C100023"",""KOR_P_R100037_C100025"",""KOR_P_R100038_C100024"",""KOR_P_R100038_C100025""]",NULL,NULL,NULL,NULL,NULL,NULL,NULL,NULL,NULL,NULL,NULL,2022,False,dominant_overlap,597.4974795190677,0.9872564772918281
99,KOR_P_R100037_C100025,KOR,KR-47,경북,Gyeongbuk,605.2099867281504,0.4861591009078507,True,1174105.5573530393,1847071.525,"[""KOR_P_R100036_C100025"",""KOR_P_R100037_C100024"",""KOR_P_R100038_C100025""]",NULL,NULL,NULL,NULL,NULL,NULL,NULL,NULL,NULL,NULL,NULL,2022,False,dominant_overlap,156.01876241057744,0.2577927757835535
100,KOR_P_R100038_C100015,KOR,KR-44,충남,Chungnam,605.2099867281504,0.6984843453286929,True,896532.6807959054,1869965.3499999999,"[""KOR_P_R100037_C100015"",""KOR_P_R100038_C100016""]",NULL,NULL,NULL,NULL,NULL,NULL,NULL,NULL,NULL,NULL,NULL,2022,False,dominant_overlap,422.72970136619904,0.6984843453286929
101,KOR_P_R100038_C100016,KOR,KR-44,충남,Chungnam,605.2099867281513,0.9751144288097809,True,922968.1928489658,1869965.3499999999,"[""KOR_P_R100037_C100015"",""KOR_P_R100037_C100016"",""KOR_P_R100038_C100015"",""KOR_P_R100038_C100017"",""KOR_P_R100039_C100016""]",NULL,NULL,NULL,NULL,NULL,NULL,NULL,NULL,NULL,NULL,NULL,2022,False,dominant_overlap,590.1489905183964,0.9751144288097809
102,KOR_P_R100038_C100017,KOR,KR-44,충남,Chungnam,605.2099867281532,0.8266054871918933,True,949403.7049020261,1869965.3499999999,"[""KOR_P_R100037_C100016"",""KOR_P_R100037_C100017"",""KOR_P_R100038_C100016"",""KOR_P_R100039_C100016"",""KOR_P_R100039_C100017""]",NULL,NULL,NULL,NULL,NULL,NULL,NULL,NULL,NULL,NULL,NULL,2022,False,dominant_overlap,462.38557084915993,0.7640084945538964
103,KOR_P_R100038_C100018,KOR,KR-44,충남,Chungnam,605.2099867281523,1.0000000000000102,False,975839.2169550866,1869965.3499999999,"[""KOR_P_R100037_C100018"",""KOR_P_R100038_C100019"",""KOR_P_R100039_C100018""]",NULL,NULL,NULL,NULL,NULL,NULL,NULL,NULL,NULL,NULL,NULL,2022,False,dominant_overlap,405.27257343722533,0.6696396000141771
104,KOR_P_R100038_C100019,KOR,KR-43,충북,Chungbuk,605.2099867281504,1.0,False,1002274.7290081469,1869965.3499999999,"[""KOR_P_R100037_C100018"",""KOR_P_R100037_C100019"",""KOR_P_R100038_C100018"",""KOR_P_R100038_C100020"",""KOR_P_R100039_C100018"",""KOR_P_R100039_C100019""]",NULL,NULL,NULL,NULL,NULL,NULL,NULL,NULL,NULL,NULL,NULL,2022,False,dominant_overlap,605.2099867281504,1.0
105,KOR_P_R100038_C100020,KOR,KR-43,충북,Chungbuk,605.2099867281513,1.0,False,1028710.2410612073,1869965.3499999999,"[""KOR_P_R100037_C100019"",""KOR_P_R100037_C100020"",""KOR_P_R100038_C100019"",""KOR_P_R100039_C100019"",""KOR_P_R100039_C100020""]",NULL,NULL,NULL,NULL,NULL,NULL,NULL,NULL,NULL,NULL,NULL,2022,False,dominant_overlap,605.2099867281513,1.0
106,KOR_P_R100038_C100021,KOR,KR-43,충북,Chungbuk,605.2099867281513,1.0000000000000047,False,1055145.7531142677,1869965.3499999999,"[""KOR_P_R100037_C100021"",""KOR_P_R100038_C100022"",""KOR_P_R100039_C100021""]",NULL,NULL,NULL,NULL,NULL,NULL,NULL,NULL,NULL,NULL,NULL,2022,False,dominant_overlap,444.55289142849733,0.7345432183494056
107,KOR_P_R100038_C100022,KOR,KR-47,경북,Gyeongbuk,605.2099867281532,1.0000000000000078,False,1081581.265167328,1869965.3499999999,"[""KOR_P_R100037_C100021"",""KOR_P_R100037_C100022"",""KOR_P_R100038_C100021"",""KOR_P_R100038_C100023"",""KOR_P_R100039_C100021"",""KOR_P_R100039_C100022""]",NULL,NULL,NULL,NULL,NULL,NULL,NULL,NULL,NULL,NULL,NULL,2022,False,dominant_overlap,334.98076668241214,0.5534951075301373
108,KOR_P_R100038_C100023,KOR,KR-47,경북,Gyeongbuk,605.2099867281494,1.0000000000000047,False,1108016.7772203884,1869965.3499999999,"[""KOR_P_R100037_C100022"",""KOR_P_R100037_C100023"",""KOR_P_R100038_C100022"",""KOR_P_R100038_C100024"",""KOR_P_R100039_C100022"",""KOR_P_R100039_C100023""]",NULL,NULL,NULL,NULL,NULL,NULL,NULL,NULL,NULL,NULL,NULL,2022,False,dominant_overlap,605.2099867281523,1.0000000000000047
109,KOR_P_R100038_C100024,KOR,KR-47,경북,Gyeongbuk,605.2099867281504,1.0000000000000062,False,1134452.2892734488,1869965.3499999999,"[""KOR_P_R100037_C100023"",""KOR_P_R100037_C100024"",""KOR_P_R100038_C100023"",""KOR_P_R100038_C100025"",""KOR_P_R100039_C100023"",""KOR_P_R100039_C100024""]",NULL,NULL,NULL,NULL,NULL,NULL,NULL,NULL,NULL,NULL,NULL,2022,False,dominant_overlap,601.2242419181681,0.9934142778582855
110,KOR_P_R100038_C100025,KOR,KR-42,강원,Gangwon,605.2099867281504,0.9864111322274035,True,1160887.801326509,1869965.3499999999,"[""KOR_P_R100037_C100024"",""KOR_P_R100037_C100025"",""KOR_P_R100038_C100024"",""KOR_P_R100039_C100024""]",NULL,NULL,NULL,NULL,NULL,NULL,NULL,NULL,NULL,NULL,NULL,2022,False,dominant_overlap,453.22966877111793,0.7488800229839907
111,KOR_P_R100039_C100016,KOR,KR-41,경기,Gyeonggi,605.2099867281561,0.48043335538997195,True,936185.9488754959,1892859.1749999998,"[""KOR_P_R100038_C100016"",""KOR_P_R100038_C100017"",""KOR_P_R100039_C100017""]",NULL,NULL,NULL,NULL,NULL,NULL,NULL,NULL,NULL,NULL,NULL,2022,False,dominant_overlap,202.24751023825263,0.3341774172161781
112,KOR_P_R100039_C100017,KOR,KR-41,경기,Gyeonggi,605.2099867281541,0.9723780349363681,True,962621.4609285563,1892859.1749999998,"[""KOR_P_R100038_C100017"",""KOR_P_R100039_C100016""]",NULL,NULL,NULL,NULL,NULL,NULL,NULL,NULL,NULL,NULL,NULL,2022,False,dominant_overlap,582.5748881067467,0.9625995949872277
113,KOR_P_R100039_C100018,KOR,KR-41,경기,Gyeonggi,605.2099867281532,0.9999999999999992,False,989056.9729816167,1892859.1749999998,"[""KOR_P_R100038_C100018"",""KOR_P_R100038_C100019"",""KOR_P_R100039_C100019""]",NULL,NULL,NULL,NULL,NULL,NULL,NULL,NULL,NULL,NULL,NULL,2022,False,dominant_overlap,527.1948014913902,0.8710940219963593
114,KOR_P_R100039_C100019,KOR,KR-43,충북,Chungbuk,605.2099867281552,1.0,False,1015492.4850346771,1892859.1749999998,"[""KOR_P_R100038_C100019"",""KOR_P_R100038_C100020"",""KOR_P_R100039_C100018"",""KOR_P_R100039_C100020""]",NULL,NULL,NULL,NULL,NULL,NULL,NULL,NULL,NULL,NULL,NULL,2022,False,dominant_overlap,557.322073468607,0.9208738878906534
115,KOR_P_R100039_C100020,KOR,KR-43,충북,Chungbuk,605.2099867281532,0.9999999999999984,False,1041927.9970877374,1892859.1749999998,"[""KOR_P_R100038_C100020"",""KOR_P_R100039_C100019"",""KOR_P_R100039_C100021""]",NULL,NULL,NULL,NULL,NULL,NULL,NULL,NULL,NULL,NULL,NULL,2022,False,dominant_overlap,598.7041093608675,0.9892502147850246
116,KOR_P_R100039_C100021,KOR,KR-43,충북,Chungbuk,605.2099867281561,1.0,False,1068363.509140798,1892859.1749999998,"[""KOR_P_R100038_C100021"",""KOR_P_R100038_C100022"",""KOR_P_R100039_C100020"",""KOR_P_R100039_C100022""]",NULL,NULL,NULL,NULL,NULL,NULL,NULL,NULL,NULL,NULL,NULL,2022,False,dominant_overlap,569.1416805231581,0.9404036499794262
117,KOR_P_R100039_C100022,KOR,KR-42,강원,Gangwon,605.2099867281541,1.0000000000000024,False,1094799.0211938582,1892859.1749999998,"[""KOR_P_R100038_C100022"",""KOR_P_R100038_C100023"",""KOR_P_R100039_C100021"",""KOR_P_R100039_C100023""]",NULL,NULL,NULL,NULL,NULL,NULL,NULL,NULL,NULL,NULL,NULL,2022,False,dominant_overlap,256.8355246992278,0.42437423428472304
118,KOR_P_R100039_C100023,KOR,KR-47,경북,Gyeongbuk,605.2099867281541,1.0000000000000016,False,1121234.5332469186,1892859.1749999998,"[""KOR_P_R100038_C100023"",""KOR_P_R100038_C100024"",""KOR_P_R100039_C100022"",""KOR_P_R100039_C100024""]",NULL,NULL,NULL,NULL,NULL,NULL,NULL,NULL,NULL,NULL,NULL,2022,False,dominant_overlap,370.8294079718809,0.6127285010226519
119,KOR_P_R100039_C100024,KOR,KR-42,강원,Gangwon,605.2099867281541,0.9999999999999961,False,1147670.045299979,1892859.1749999998,"[""KOR_P_R100038_C100024"",""KOR_P_R100038_C100025"",""KOR_P_R100039_C100023""]",NULL,NULL,NULL,NULL,NULL,NULL,NULL,NULL,NULL,NULL,NULL,2022,False,dominant_overlap,482.62057292582944,0.7974431742855741
120,KOR_P_R100040_C100017,KOR,KR-41,경기,Gyeonggi,605.2099867281532,0.9288346085655449,True,949403.7049020261,1915753.0,"[""KOR_P_R100041_C100016"",""KOR_P_R100041_C100017""]",NULL,NULL,NULL,NULL,NULL,NULL,NULL,NULL,NULL,NULL,NULL,2022,False,dominant_overlap,562.1399811226029,0.9288346085655449
121,KOR_P_R100040_C100018,KOR,KR-41,경기,Gyeonggi,605.2099867281523,1.0,False,975839.2169550866,1915753.0,"[""KOR_P_R100040_C100019"",""KOR_P_R100041_C100017"",""KOR_P_R100041_C100018""]",NULL,NULL,NULL,NULL,NULL,NULL,NULL,NULL,NULL,NULL,NULL,2022,False,dominant_overlap,605.2099867281523,1.0
122,KOR_P_R100040_C100019,KOR,KR-41,경기,Gyeonggi,605.2099867281504,0.9999999999999992,False,1002274.7290081469,1915753.0,"[""KOR_P_R100040_C100018"",""KOR_P_R100040_C100020"",""KOR_P_R100041_C100018"",""KOR_P_R100041_C100019""]",NULL,NULL,NULL,NULL,NULL,NULL,NULL,NULL,NULL,NULL,NULL,2022,False,dominant_overlap,587.7078139310398,0.9710808261910386
123,KOR_P_R100040_C100020,KOR,KR-42,강원,Gangwon,605.2099867281513,1.0000000000000016,False,1028710.2410612073,1915753.0,"[""KOR_P_R100040_C100019"",""KOR_P_R100041_C100019"",""KOR_P_R100041_C100020""]",NULL,NULL,NULL,NULL,NULL,NULL,NULL,NULL,NULL,NULL,NULL,2022,False,dominant_overlap,528.7644855261917,0.8736876408546486
124,KOR_P_R100040_C100021,KOR,KR-42,강원,Gangwon,605.2099867281513,0.999999999999999,False,1055145.7531142677,1915753.0,"[""KOR_P_R100040_C100022"",""KOR_P_R100041_C100020"",""KOR_P_R100041_C100021""]",NULL,NULL,NULL,NULL,NULL,NULL,NULL,NULL,NULL,NULL,NULL,2022,False,dominant_overlap,464.0978068070173,0.7668376546725445
125,KOR_P_R100040_C100022,KOR,KR-42,강원,Gangwon,605.2099867281532,1.0000000000000044,False,1081581.265167328,1915753.0,"[""KOR_P_R100040_C100021"",""KOR_P_R100040_C100023"",""KOR_P_R100041_C100021"",""KOR_P_R100041_C100022""]",NULL,NULL,NULL,NULL,NULL,NULL,NULL,NULL,NULL,NULL,NULL,2022,False,dominant_overlap,595.3380777525263,0.983688456581829
126,KOR_P_R100040_C100023,KOR,KR-42,강원,Gangwon,605.2099867281494,1.0000000000000047,False,1108016.7772203884,1915753.0,"[""KOR_P_R100040_C100022"",""KOR_P_R100040_C100024"",""KOR_P_R100041_C100022"",""KOR_P_R100041_C100023""]",NULL,NULL,NULL,NULL,NULL,NULL,NULL,NULL,NULL,NULL,NULL,2022,False,dominant_overlap,605.2099867281523,1.0000000000000047
127,KOR_P_R100040_C100024,KOR,KR-42,강원,Gangwon,605.2099867281504,1.0000000000000047,False,1134452.2892734488,1915753.0,"[""KOR_P_R100040_C100023"",""KOR_P_R100040_C100025"",""KOR_P_R100041_C100023"",""KOR_P_R100041_C100024""]",NULL,NULL,NULL,NULL,NULL,NULL,NULL,NULL,NULL,NULL,NULL,2022,False,dominant_overlap,605.2099867281532,1.0000000000000047
128,KOR_P_R100040_C100025,KOR,KR-42,강원,Gangwon,605.2099867281504,0.6062784329443982,True,1160887.801326509,1915753.0,"[""KOR_P_R100040_C100024"",""KOR_P_R100041_C100024""]",NULL,NULL,NULL,NULL,NULL,NULL,NULL,NULL,NULL,NULL,NULL,2022,False,dominant_overlap,366.92576235584306,0.6062784329443982
129,KOR_P_R100041_C100016,KOR,KR-28,인천,Incheon,605.2099867281523,0.9659883899745086,True,936185.9488754959,1938646.8249999997,"[""KOR_P_R100040_C100017"",""KOR_P_R100041_C100017""]",NULL,NULL,NULL,NULL,NULL,NULL,NULL,NULL,NULL,NULL,NULL,2022,False,minimum_representation,204.60893495204925,0.3380792442936923
130,KOR_P_R100041_C100017,KOR,KR-11,서울,Seoul,605.2099867281541,0.9999999999999961,False,962621.4609285563,1938646.8249999997,"[""KOR_P_R100040_C100017"",""KOR_P_R100040_C100018"",""KOR_P_R100041_C100016""]",NULL,NULL,NULL,NULL,NULL,NULL,NULL,NULL,NULL,NULL,NULL,2022,False,minimum_representation,264.78576539799786,0.43751056857053033
131,KOR_P_R100041_C100018,KOR,KR-41,경기,Gyeonggi,605.209986728157,0.9999999999999937,False,989056.9729816167,1938646.8249999997,"[""KOR_P_R100040_C100018"",""KOR_P_R100040_C100019"",""KOR_P_R100041_C100019""]",NULL,NULL,NULL,NULL,NULL,NULL,NULL,NULL,NULL,NULL,NULL,2022,False,dominant_overlap,605.2099867281532,0.9999999999999937
132,KOR_P_R100041_C100019,KOR,KR-41,경기,Gyeonggi,605.2099867281552,1.0000000000000024,False,1015492.4850346771,1938646.8249999997,"[""KOR_P_R100040_C100019"",""KOR_P_R100040_C100020"",""KOR_P_R100041_C100018"",""KOR_P_R100041_C100020""]",NULL,NULL,NULL,NULL,NULL,NULL,NULL,NULL,NULL,NULL,NULL,2022,False,dominant_overlap,521.8104982771473,0.8621974351383782
133,KOR_P_R100041_C100020,KOR,KR-42,강원,Gangwon,605.2099867281552,1.0000000000000027,False,1041927.9970877374,1938646.8249999997,"[""KOR_P_R100040_C100020"",""KOR_P_R100040_C100021"",""KOR_P_R100041_C100019"",""KOR_P_R100041_C100021""]",NULL,NULL,NULL,NULL,NULL,NULL,NULL,NULL,NULL,NULL,NULL,2022,False,dominant_overlap,604.6313181630363,0.9990438548969637
134,KOR_P_R100041_C100021,KOR,KR-42,강원,Gangwon,605.2099867281552,1.0000000000000062,False,1068363.509140798,1938646.8249999997,"[""KOR_P_R100040_C100021"",""KOR_P_R100040_C100022"",""KOR_P_R100041_C100020"",""KOR_P_R100041_C100022""]",NULL,NULL,NULL,NULL,NULL,NULL,NULL,NULL,NULL,NULL,NULL,2022,False,dominant_overlap,605.2099867281589,1.0000000000000062
135,KOR_P_R100041_C100022,KOR,KR-42,강원,Gangwon,605.2099867281561,0.9999999999999984,False,1094799.0211938582,1938646.8249999997,"[""KOR_P_R100040_C100022"",""KOR_P_R100040_C100023"",""KOR_P_R100041_C100021"",""KOR_P_R100041_C100023""]",NULL,NULL,NULL,NULL,NULL,NULL,NULL,NULL,NULL,NULL,NULL,2022,False,dominant_overlap,605.2099867281552,0.9999999999999984
136,KOR_P_R100041_C100023,KOR,KR-42,강원,Gangwon,605.2099867281541,1.0000000000000016,False,1121234.5332469186,1938646.8249999997,"[""KOR_P_R100040_C100023"",""KOR_P_R100040_C100024"",""KOR_P_R100041_C100022"",""KOR_P_R100041_C100024""]",NULL,NULL,NULL,NULL,NULL,NULL,NULL,NULL,NULL,NULL,NULL,2022,False,dominant_overlap,605.2099867281552,1.0000000000000016
137,KOR_P_R100041_C100024,KOR,KR-42,강원,Gangwon,605.2099867281541,0.6357440873401496,True,1147670.045299979,1938646.8249999997,"[""KOR_P_R100040_C100024"",""KOR_P_R100040_C100025"",""KOR_P_R100041_C100023""]",NULL,NULL,NULL,NULL,NULL,NULL,NULL,NULL,NULL,NULL,NULL,2022,False,dominant_overlap,384.7586706616344,0.6357440873401496
138,KOR_P_R100042_C100016,KOR,KR-41,경기,Gyeonggi,605.2099867281513,0.7770388714486883,True,922968.1928489658,1961540.65,"[""KOR_P_R100042_C100017"",""KOR_P_R100043_C100016""]",NULL,NULL,NULL,NULL,NULL,NULL,NULL,NULL,NULL,NULL,NULL,2022,False,dominant_overlap,446.743640445282,0.7381630347186432
139,KOR_P_R100042_C100017,KOR,KR-41,경기,Gyeonggi,605.2099867281494,1.0000000000000016,False,949403.7049020261,1961540.65,"[""KOR_P_R100042_C100016"",""KOR_P_R100043_C100016"",""KOR_P_R100043_C100017""]",NULL,NULL,NULL,NULL,NULL,NULL,NULL,NULL,NULL,NULL,NULL,2022,False,dominant_overlap,420.16883663982964,0.6942529797158862
140,KOR_P_R100042_C100018,KOR,KR-41,경기,Gyeonggi,605.2099867281523,0.9999999999999957,False,975839.2169550866,1961540.65,"[""KOR_P_R100042_C100019"",""KOR_P_R100043_C100018""]",NULL,NULL,NULL,NULL,NULL,NULL,NULL,NULL,NULL,NULL,NULL,2022,False,dominant_overlap,559.3086519646113,0.9241563494156965
141,KOR_P_R100042_C100019,KOR,KR-41,경기,Gyeonggi,605.2099867281504,1.0000000000000016,False,1002274.7290081469,1961540.65,"[""KOR_P_R100042_C100018"",""KOR_P_R100042_C100020"",""KOR_P_R100043_C100018"",""KOR_P_R100043_C100019""]",NULL,NULL,NULL,NULL,NULL,NULL,NULL,NULL,NULL,NULL,NULL,2022,False,dominant_overlap,390.8595795042362,0.6458247353406669
142,KOR_P_R100042_C100020,KOR,KR-42,강원,Gangwon,605.2099867281513,1.0000000000000078,False,1028710.2410612073,1961540.65,"[""KOR_P_R100042_C100019"",""KOR_P_R100043_C100019"",""KOR_P_R100043_C100020""]",NULL,NULL,NULL,NULL,NULL,NULL,NULL,NULL,NULL,NULL,NULL,2022,False,dominant_overlap,602.7406486019516,0.9959198655336979
143,KOR_P_R100042_C100021,KOR,KR-42,강원,Gangwon,605.2099867281504,1.000000000000003,False,1055145.7531142677,1961540.65,"[""KOR_P_R100042_C100022"",""KOR_P_R100043_C100021""]",NULL,NULL,NULL,NULL,NULL,NULL,NULL,NULL,NULL,NULL,NULL,2022,False,dominant_overlap,605.2099867281523,1.000000000000003
144,KOR_P_R100042_C100022,KOR,KR-42,강원,Gangwon,605.2099867281541,1.000000000000003,False,1081581.265167328,1961540.65,"[""KOR_P_R100042_C100021"",""KOR_P_R100042_C100023"",""KOR_P_R100043_C100021"",""KOR_P_R100043_C100022""]",NULL,NULL,NULL,NULL,NULL,NULL,NULL,NULL,NULL,NULL,NULL,2022,False,dominant_overlap,605.2099867281561,1.000000000000003
145,KOR_P_R100042_C100023,KOR,KR-42,강원,Gangwon,605.2099867281504,1.0,False,1108016.7772203884,1961540.65,"[""KOR_P_R100042_C100022"",""KOR_P_R100042_C100024"",""KOR_P_R100043_C100022"",""KOR_P_R100043_C100023""]",NULL,NULL,NULL,NULL,NULL,NULL,NULL,NULL,NULL,NULL,NULL,2022,False,dominant_overlap,605.2099867281504,1.0
146,KOR_P_R100042_C100024,KOR,KR-42,강원,Gangwon,605.2099867281504,0.6577120304703321,True,1134452.2892734488,1961540.65,"[""KOR_P_R100042_C100023"",""KOR_P_R100043_C100023""]",NULL,NULL,NULL,NULL,NULL,NULL,NULL,NULL,NULL,NULL,NULL,2022,False,dominant_overlap,398.0538892318945,0.6577120304703321
147,KOR_P_R100043_C100016,KOR,KR-41,경기,Gyeonggi,605.2099867281523,0.8510133914706838,True,936185.9488754959,1984434.4749999999,"[""KOR_P_R100042_C100016"",""KOR_P_R100042_C100017"",""KOR_P_R100043_C100017"",""KOR_P_R100044_C100017""]",NULL,NULL,NULL,NULL,NULL,NULL,NULL,NULL,NULL,NULL,NULL,2022,False,dominant_overlap,515.0418033574524,0.8510133914706838
148,KOR_P_R100043_C100017,KOR,KR-41,경기,Gyeonggi,605.2099867281541,1.0,False,962621.4609285563,1984434.4749999999,"[""KOR_P_R100042_C100017"",""KOR_P_R100043_C100016"",""KOR_P_R100044_C100017""]",NULL,NULL,NULL,NULL,NULL,NULL,NULL,NULL,NULL,NULL,NULL,2022,False,dominant_overlap,605.2099867281541,1.0
149,KOR_P_R100043_C100018,KOR,KR-41,경기,Gyeonggi,605.209986728157,0.9999999999999937,False,989056.9729816167,1984434.4749999999,"[""KOR_P_R100042_C100018"",""KOR_P_R100042_C100019"",""KOR_P_R100043_C100019"",""KOR_P_R100044_C100018"",""KOR_P_R100044_C100019""]",NULL,NULL,NULL,NULL,NULL,NULL,NULL,NULL,NULL,NULL,NULL,2022,False,dominant_overlap,605.2099867281532,0.9999999999999937
150,KOR_P_R100043_C100019,KOR,KR-42,강원,Gangwon,605.2099867281552,0.9999999999999952,False,1015492.4850346771,1984434.4749999999,"[""KOR_P_R100042_C100019"",""KOR_P_R100042_C100020"",""KOR_P_R100043_C100018"",""KOR_P_R100043_C100020"",""KOR_P_R100044_C100019"",""KOR_P_R100044_C100020""]",NULL,NULL,NULL,NULL,NULL,NULL,NULL,NULL,NULL,NULL,NULL,2022,False,dominant_overlap,504.39560682420733,0.8334224779584957
151,KOR_P_R100043_C100020,KOR,KR-42,강원,Gangwon,605.2099867281532,1.0,False,1041927.9970877374,1984434.4749999999,"[""KOR_P_R100042_C100020"",""KOR_P_R100043_C100019"",""KOR_P_R100043_C100021"",""KOR_P_R100044_C100020""]",NULL,NULL,NULL,NULL,NULL,NULL,NULL,NULL,NULL,NULL,NULL,2022,False,dominant_overlap,605.2099867281532,1.0
152,KOR_P_R100043_C100021,KOR,KR-42,강원,Gangwon,605.2099867281552,1.0000000000000062,False,1068363.509140798,1984434.4749999999,"[""KOR_P_R100042_C100021"",""KOR_P_R100042_C100022"",""KOR_P_R100043_C100020"",""KOR_P_R100043_C100022"",""KOR_P_R100044_C100021"",""KOR_P_R100044_C100022""]",NULL,NULL,NULL,NULL,NULL,NULL,NULL,NULL,NULL,NULL,NULL,2022,False,dominant_overlap,605.2099867281589,1.0000000000000062
153,KOR_P_R100043_C100022,KOR,KR-42,강원,Gangwon,605.209986728157,0.9999999999999873,False,1094799.0211938582,1984434.4749999999,"[""KOR_P_R100042_C100022"",""KOR_P_R100042_C100023"",""KOR_P_R100043_C100021"",""KOR_P_R100043_C100023"",""KOR_P_R100044_C100022""]",NULL,NULL,NULL,NULL,NULL,NULL,NULL,NULL,NULL,NULL,NULL,2022,False,dominant_overlap,605.2099867281494,0.9999999999999873
154,KOR_P_R100043_C100023,KOR,KR-42,강원,Gangwon,605.2099867281552,0.5135456371323578,True,1121234.5332469186,1984434.4749999999,"[""KOR_P_R100042_C100023"",""KOR_P_R100042_C100024"",""KOR_P_R100043_C100022""]",NULL,NULL,NULL,NULL,NULL,NULL,NULL,NULL,NULL,NULL,NULL,2022,False,dominant_overlap,310.8029482331762,0.5135456371323578
155,KOR_P_R100044_C100017,KOR,KR-41,경기,Gyeonggi,605.2099867281532,0.7587986092877932,True,949403.7049020261,2007328.2999999998,"[""KOR_P_R100043_C100016"",""KOR_P_R100043_C100017""]",NULL,NULL,NULL,NULL,NULL,NULL,NULL,NULL,NULL,NULL,NULL,2022,False,dominant_overlap,459.14614610022926,0.7586559312783901
156,KOR_P_R100044_C100018,KOR,KR-41,경기,Gyeonggi,605.2099867281523,1.0000000000000149,False,975839.2169550866,2007328.2999999998,"[""KOR_P_R100043_C100018"",""KOR_P_R100044_C100019""]",NULL,NULL,NULL,NULL,NULL,NULL,NULL,NULL,NULL,NULL,NULL,2022,False,dominant_overlap,398.27298798067477,0.6580740515102746
157,KOR_P_R100044_C100019,KOR,KR-42,강원,Gangwon,605.2099867281504,0.9999999999999949,False,1002274.7290081469,2007328.2999999998,"[""KOR_P_R100043_C100018"",""KOR_P_R100043_C100019"",""KOR_P_R100044_C100018"",""KOR_P_R100044_C100020""]",NULL,NULL,NULL,NULL,NULL,NULL,NULL,NULL,NULL,NULL,NULL,2022,False,dominant_overlap,518.3141838072223,0.8564204080790225
158,KOR_P_R100044_C100020,KOR,KR-42,강원,Gangwon,605.2099867281513,1.0,False,1028710.2410612073,2007328.2999999998,"[""KOR_P_R100043_C100019"",""KOR_P_R100043_C100020"",""KOR_P_R100044_C100019""]",NULL,NULL,NULL,NULL,NULL,NULL,NULL,NULL,NULL,NULL,NULL,2022,False,dominant_overlap,605.2099867281513,1.0
159,KOR_P_R100044_C100021,KOR,KR-42,강원,Gangwon,605.2099867281504,1.0,False,1055145.7531142677,2007328.2999999998,"[""KOR_P_R100043_C100021"",""KOR_P_R100044_C100022""]",NULL,NULL,NULL,NULL,NULL,NULL,NULL,NULL,NULL,NULL,NULL,2022,False,dominant_overlap,605.2099867281504,1.0
160,KOR_P_R100044_C100022,KOR,KR-42,강원,Gangwon,605.2099867281541,0.9999999999999906,False,1081581.265167328,2007328.2999999998,"[""KOR_P_R100043_C100021"",""KOR_P_R100043_C100022"",""KOR_P_R100044_C100021""]",NULL,NULL,NULL,NULL,NULL,NULL,NULL,NULL,NULL,NULL,NULL,2022,False,dominant_overlap,605.2099867281485,0.9999999999999906
161,KOR_P_R100045_C100017,KOR,KR-42,강원,Gangwon,605.2099867281465,0.478971750058228,True,962621.4609285563,2030222.125,[],NULL,NULL,NULL,NULL,NULL,NULL,NULL,NULL,NULL,NULL,NULL,2022,False,dominant_overlap,260.9379299446106,0.43115271668810207
162,KOR_P_R100045_C100018,KOR,KR-42,강원,Gangwon,605.209986728157,0.6779113931425133,True,989056.9729816167,2030222.125,"[""KOR_P_R100045_C100019""]",NULL,NULL,NULL,NULL,NULL,NULL,NULL,NULL,NULL,NULL,NULL,2022,False,dominant_overlap,410.2787452466469,0.6779113931425133
163,KOR_P_R100045_C100019,KOR,KR-42,강원,Gangwon,605.2099867281532,0.7005045165548331,True,1015492.4850346771,2030222.125,"[""KOR_P_R100045_C100018"",""KOR_P_R100045_C100020""]",NULL,NULL,NULL,NULL,NULL,NULL,NULL,NULL,NULL,NULL,NULL,2022,False,dominant_overlap,423.95232916716196,0.7005045165548331
164,KOR_P_R100045_C100020,KOR,KR-42,강원,Gangwon,605.2099867281494,0.672003479316981,True,1041927.9970877374,2030222.125,"[""KOR_P_R100045_C100019"",""KOR_P_R100045_C100021""]",NULL,NULL,NULL,NULL,NULL,NULL,NULL,NULL,NULL,NULL,NULL,2022,False,dominant_overlap,406.70321679870034,0.672003479316981
165,KOR_P_R100045_C100021,KOR,KR-42,강원,Gangwon,605.2099867281532,0.9977599236605326,True,1068363.509140798,2030222.125,"[""KOR_P_R100045_C100020"",""KOR_P_R100046_C100022""]",NULL,NULL,NULL,NULL,NULL,NULL,NULL,NULL,NULL,NULL,NULL,2022,False,dominant_overlap,603.8542701564741,0.9977599236605326
166,KOR_P_R100046_C100022,KOR,KR-42,강원,Gangwon,605.2099867281561,0.5592056892526398,True,1081581.265167328,2053115.95,"[""KOR_P_R100045_C100021""]",NULL,NULL,NULL,NULL,NULL,NULL,NULL,NULL,NULL,NULL,NULL,2022,False,dominant_overlap,338.43686777089954,0.5592056892526398
